[{"id": "DZ","snippet": {"gl": "DZ","name": "Algeria"}},{"id": "AR","snippet": {"gl": "AR","name": "Argentina"}},{"id": "AU","snippet": {"gl": "AU","name": "Australia"}},{"id": "AT","snippet": {"gl": "AT","name": "Austria"}},{"id": "AZ","snippet": {"gl": "AZ","name": "Azerbaijan"}},{"id": "BH","snippet": {"gl": "BH","name": "Bahrain"}},{"id": "BY","snippet": {"gl": "BY","name": "Belarus"}},{"id": "BE","snippet": {"gl": "BE","name": "Belgium"}},{"id": "BO","snippet": {"gl": "BO","name": "Bolivia"}},{"id": "BA","snippet": {"gl": "BA","name": "Bosnia and Herzegovina"}},{"id": "BR","snippet": {"gl": "BR","name": "Brazil"}},{"id": "BG","snippet": {"gl": "BG","name": "Bulgaria"}},{"id": "CA","snippet": {"gl": "CA","name": "Canada"}},{"id": "CL","snippet": {"gl": "CL","name": "Chile"}},{"id": "CO","snippet": {"gl": "CO","name": "Colombia"}},{"id": "CR","snippet": {"gl": "CR","name": "Costa Rica"}},{"id": "HR","snippet": {"gl": "HR","name": "Croatia"}},{"id": "CY","snippet": {"gl": "CY","name": "Cyprus"}},{"id": "CZ","snippet": {"gl": "CZ","name": "Czechia"}},{"id": "DK","snippet": {"gl": "DK","name": "Denmark"}},{"id": "DO","snippet": {"gl": "DO","name": "Dominican Republic"}},{"id": "EC","snippet": {"gl": "EC","name": "Ecuador"}},{"id": "EG","snippet": {"gl": "EG","name": "Egypt"}},{"id": "SV","snippet": {"gl": "SV","name": "El Salvador"}},{"id": "EE","snippet": {"gl": "EE","name": "Estonia"}},{"id": "FI","snippet": {"gl": "FI","name": "Finland"}},{"id": "FR","snippet": {"gl": "FR","name": "France"}},{"id": "GE","snippet": {"gl": "GE","name": "Georgia"}},{"id": "DE","snippet": {"gl": "DE","name": "Germany"}},{"id": "GH","snippet": {"gl": "GH","name": "Ghana"}},{"id": "GR","snippet": {"gl": "GR","name": "Greece"}},{"id": "GT","snippet": {"gl": "GT","name": "Guatemala"}},{"id": "HN","snippet": {"gl": "HN","name": "Honduras"}},{"id": "HK","snippet": {"gl": "HK","name": "Hong Kong"}},{"id": "HU","snippet": {"gl": "HU","name": "Hungary"}},{"id": "IS","snippet": {"gl": "IS","name": "Iceland"}},{"id": "IN","snippet": {"gl": "IN","name": "India"}},{"id": "ID","snippet": {"gl": "ID","name": "Indonesia"}},{"id": "IQ","snippet": {"gl": "IQ","name": "Iraq"}},{"id": "IE","snippet": {"gl": "IE","name": "Ireland"}},{"id": "IL","snippet": {"gl": "IL","name": "Israel"}},{"id": "IT","snippet": {"gl": "IT","name": "Italy"}},{"id": "JM","snippet": {"gl": "JM","name": "Jamaica"}},{"id": "JP","snippet": {"gl": "JP","name": "Japan"}},{"id": "JO","snippet": {"gl": "JO","name": "Jordan"}},{"id": "KZ","snippet": {"gl": "KZ","name": "Kazakhstan"}},{"id": "KE","snippet": {"gl": "KE","name": "Kenya"}},{"id": "KW","snippet": {"gl": "KW","name": "Kuwait"}},{"id": "LV","snippet": {"gl": "LV","name": "Latvia"}},{"id": "LB","snippet": {"gl": "LB","name": "Lebanon"}},{"id": "LY","snippet": {"gl": "LY","name": "Libya"}},{"id": "LI","snippet": {"gl": "LI","name": "Liechtenstein"}},{"id": "LT","snippet": {"gl": "LT","name": "Lithuania"}},{"id": "LU","snippet": {"gl": "LU","name": "Luxembourg"}},{"id": "MY","snippet": {"gl": "MY","name": "Malaysia"}},{"id": "MT","snippet": {"gl": "MT","name": "Malta"}},{"id": "MX","snippet": {"gl": "MX","name": "Mexico"}},{"id": "ME","snippet": {"gl": "ME","name": "Montenegro"}},{"id": "MA","snippet": {"gl": "MA","name": "Morocco"}},{"id": "NP","snippet": {"gl": "NP","name": "Nepal"}},{"id": "NL","snippet": {"gl": "NL","name": "Netherlands"}},{"id": "NZ","snippet": {"gl": "NZ","name": "New Zealand"}},{"id": "NI","snippet": {"gl": "NI","name": "Nicaragua"}},{"id": "NG","snippet": {"gl": "NG","name": "Nigeria"}},{"id": "MK","snippet": {"gl": "MK","name": "North Macedonia"}},{"id": "NO","snippet": {"gl": "NO","name": "Norway"}},{"id": "OM","snippet": {"gl": "OM","name": "Oman"}},{"id": "PK","snippet": {"gl": "PK","name": "Pakistan"}},{"id": "PA","snippet": {"gl": "PA","name": "Panama"}},{"id": "PY","snippet": {"gl": "PY","name": "Paraguay"}},{"id": "PE","snippet": {"gl": "PE","name": "Peru"}},{"id": "PH","snippet": {"gl": "PH","name": "Philippines"}},{"id": "PL","snippet": {"gl": "PL","name": "Poland"}},{"id": "PT","snippet": {"gl": "PT","name": "Portugal"}},{"id": "PR","snippet": {"gl": "PR","name": "Puerto Rico"}},{"id": "QA","snippet": {"gl": "QA","name": "Qatar"}},{"id": "RO","snippet": {"gl": "RO","name": "Romania"}},{"id": "RU","snippet": {"gl": "RU","name": "Russia"}},{"id": "SA","snippet": {"gl": "SA","name": "Saudi Arabia"}},{"id": "SN","snippet": {"gl": "SN","name": "Senegal"}},{"id": "RS","snippet": {"gl": "RS","name": "Serbia"}},{"id": "SG","snippet": {"gl": "SG","name": "Singapore"}},{"id": "SK","snippet": {"gl": "SK","name": "Slovakia"}},{"id": "SI","snippet": {"gl": "SI","name": "Slovenia"}},{"id": "ZA","snippet": {"gl": "ZA","name": "South Africa"}},{"id": "KR","snippet": {"gl": "KR","name": "South Korea"}},{"id": "ES","snippet": {"gl": "ES","name": "Spain"}},{"id": "LK","snippet": {"gl": "LK","name": "Sri Lanka"}},{"id": "SE","snippet": {"gl": "SE","name": "Sweden"}},{"id": "CH","snippet": {"gl": "CH","name": "Switzerland"}},{"id": "TW","snippet": {"gl": "TW","name": "Taiwan"}},{"id": "TZ","snippet": {"gl": "TZ","name": "Tanzania"}},{"id": "TH","snippet": {"gl": "TH","name": "Thailand"}},{"id": "TN","snippet": {"gl": "TN","name": "Tunisia"}},{"id": "TR","snippet": {"gl": "TR","name": "Turkey"}},{"id": "UG","snippet": {"gl": "UG","name": "Uganda"}},{"id": "UA","snippet": {"gl": "UA","name": "Ukraine"}},{"id": "AE","snippet": {"gl": "AE","name": "United Arab Emirates"}},{"id": "GB","snippet": {"gl": "GB","name": "United Kingdom"}},{"id": "US","snippet": {"gl": "US","name": "United States"}},{"id": "UY","snippet": {"gl": "UY","name": "Uruguay"}},{"id": "VN","snippet": {"gl": "VN","name": "Vietnam"}},{"id": "YE","snippet": {"gl": "YE","name": "Yemen"}},{"id": "ZW","snippet": {"gl": "ZW","name": "Zimbabwe"}}]